{"val/cls_loss":0.81871,"_timestamp":1.776291760817088e+09,"train/cls_loss":0.56231,"train/box_loss":1.05268,"model/speed_PyTorch(ms)":3.673,"_step":100,"lr/pg1":0.0001990000000000001,"metrics/mAP50(B)":0.47414,"train/dfl_loss":1.11878,"lr/pg3":0.0001990000000000001,"lr/pg0":0.0005970000000000002,"_runtime":11920,"_wandb":{"runtime":11920},"lr/pg2":0.0005970000000000002,"lr/pg6":0.0005970000000000002,"lr/pg5":0.0001990000000000001,"val/dfl_loss":1.37768,"val/box_loss":1.45878,"model/parameters":2591400,"model/GFLOPs":6.448,"metrics/mAP50-95(B)":0.28787,"metrics/recall(B)":0.47381,"metrics/precision(B)":0.70188,"lr/pg4":0.0005970000000000002,"lr/pg7":0.0001990000000000001}