{"_runtime":15415,"lr/pg6":0.0005970000000000002,"val/box_loss":1.52129,"train/box_loss":1.08349,"_step":100,"val/dfl_loss":0.0106,"_wandb":{"runtime":15415},"lr/pg2":0.0005970000000000002,"metrics/mAP50-95(B)":0.26554,"_timestamp":1.7763612762159588e+09,"metrics/precision(B)":0.57958,"train/cls_loss":0.45311,"lr/pg4":0.0005970000000000002,"metrics/recall(B)":0.46429,"train/dfl_loss":0.00634,"lr/pg0":0.0005970000000000002,"model/GFLOPs":5.787,"lr/pg3":0.0001990000000000001,"lr/pg7":0.0001990000000000001,"metrics/mAP50(B)":0.43962,"model/parameters":2506920,"lr/pg1":0.0001990000000000001,"model/speed_PyTorch(ms)":3.663,"val/cls_loss":0.86754,"lr/pg5":0.0001990000000000001}