{"_wandb":{"runtime":22667},"lr/pg5":0.0009909999999999997,"metrics/precision(B)":0.66666,"val/cls_loss":0.77585,"lr/pg3":0.0009909999999999997,"metrics/mAP50(B)":0.45713,"_timestamp":1.7763469959974585e+09,"model/parameters":20059176,"metrics/recall(B)":0.49976,"_runtime":22667,"lr/pg4":0.002972999999999999,"_step":92,"model/GFLOPs":68.219,"train/dfl_loss":1.00382,"val/box_loss":1.51884,"metrics/mAP50-95(B)":0.27198,"lr/pg2":0.002972999999999999,"lr/pg1":0.0009909999999999997,"model/speed_PyTorch(ms)":4.238,"lr/pg0":0.002972999999999999,"train/box_loss":0.71674,"lr/pg6":0.002972999999999999,"lr/pg7":0.0009909999999999997,"val/dfl_loss":1.65154,"train/cls_loss":0.35202}